{
    "w_vamp": 0.7718863311984836,
    "w_ofi": 0.8143071892929232,
    "intercept": -0.0039007099336663287,
    "best_lag": 100
}